SVR,xgboost,RNN,CNN-LSTM,NBEATS,KG-GCN-LSTM
1469.3865311875024,31116.42472636871,168929.2803945555,132995.2803945555,7710.368425791687,7710.368425791687
4183.348951792461,2814.1417565075235,181247.7847903441,139370.7847903441,31333.95436959308,31333.95436959308
11628.60342018207,13275.582710732766,512821.6201986933,512821.6201986933,9691.09052757581,9691.09052757581
24382.284948961576,754.2259378453174,42650.25527745555,42650.25527745555,123916.17181180231,154642.1718118023
5156.767121078891,362.0116346248159,30908.57525875428,30908.57525875428,18416.452958647693,18416.452958647693
5607.30513506049,1960.436360414809,8953.82240267727,8953.82240267727,2305.6231521738428,2305.6231521738428
6157.189711365501,13973.079790983951,52274.42856970656,33677.42856970656,6379.857895159157,6379.857895159157
25146.38747825541,1279.3596062671563,5822.203742038197,5822.203742038197,15494.590706273806,15494.590706273806
1269.6576337510926,11148.935278421775,45401.11906352118,45401.11906352118,3945.874166375853,3945.874166375853
10927.217993373992,20430.90525565809,25809.09474473899,25809.09474473899,22008.562501537133,22008.562501537133
694.2816517575368,25287.03299703827,83068.10922619607,71399.10922619607,55017.65913703879,68954.65913703879
1009.3699945664011,59770.3578450157,135045.72505242942,102055.72505242942,8350.351673098248,8350.351673098248
10382.583952360226,62952.973640608376,98784.891979499,82436.891979499,2464.32512335768,2464.32512335768
729.0987046078326,1154.2699147597234,47497.258878744346,47497.258878744346,10243.420598299826,10243.420598299826
59199.36474794062,1124.501984345104,2250.8925622280262,2250.8925622280262,9607.37753578823,9607.37753578823
28509.80799299388,1716.4050119265985,17798.965014100275,17798.965014100275,48393.22201026845,48393.22201026845
3138.301268847785,2316.672646002638,14490.61265628899,14490.61265628899,7478.179124125775,7478.179124125775
2011.0372928062636,6242.456861091497,46633.96972045252,46633.96972045252,23000.550789828994,23000.550789828994
2109.428904416691,438.13099637076806,13635.880507499916,13635.880507499916,61221.01556841296,76618.01556841296
4388.306764826645,560.9627417083719,15297.87426775506,15297.87426775506,39487.79795535614,50409.79795535614
2630.607758950535,8746.6578449413,14549.75537657354,14549.75537657354,30447.194237910684,30447.194237910684
11928.86565824975,3100.439500288432,99298.80673987018,85726.80673987018,4218.986676055239,4218.986676055239
1919.2767681562516,12413.395545624617,227545.44731507637,227545.44731507637,42063.89072300724,59702.89072300724
74196.5777447333,4292.589327872723,15903.62495500225,15903.62495500225,8369.885936818577,8369.885936818577
47092.52410746247,77126.29086995045,108129.37921757843,46400.37921757843,4260.999936078586,4260.999936078586
8590.914582657757,3558.514459986181,381550.6108115245,381550.6108115245,37204.31901488419,51249.31901488419
3572.409058396131,5755.667229060719,9050.830975783343,9050.830975783343,3881.884948100365,3881.884948100365
16283.206742529092,2382.822566096422,27078.99341052707,27078.99341052707,86692.35101350816,99496.35101350816
9953.420172113858,2508.4545612122483,156582.38386824235,116130.38386824235,49247.946995340506,67540.9469953405
10241.715288442812,138437.13482400976,3648.1197103216496,3648.1197103216496,8924.343981083783,8924.343981083783
2083.70813707898,15370.244423914695,4229.139754985911,4229.139754985911,5165.046244967055,5165.046244967055
10775.95797142798,6432.830552291641,218812.23383464385,218812.23383464385,9241.642458667056,9241.642458667056
13693.65500240956,865.6118756735704,21551.338386246058,21551.338386246058,44241.93800818397,44241.93800818397
1478.5629241878542,2460.1826529989407,47609.79149907887,47609.79149907887,26791.99006247002,26791.99006247002
34790.54383066883,5064.873258648031,159620.15006690606,111858.15006690606,16424.184258332116,16424.184258332116
4011.740668881546,12213.349961132397,66362.29922665887,46528.29922665887,2835.26476224642,2835.26476224642
569.1557761070118,1505.698668332882,259927.3727223357,259927.3727223357,2611.856008068692,2611.856008068692
9353.556353427775,3762.228309279096,1942.843699765687,1942.843699765687,7038.079938835375,7038.079938835375
8209.935768443996,3205.2226473219907,40878.43175565722,40878.43175565722,2679.080181511288,2679.080181511288
4860.295321702118,5288.428858406096,12593.681974958054,12593.681974958054,22198.345464571947,22198.345464571947
26451.35322581328,7041.790419304233,12045.863348080004,12045.863348080004,18222.56220214939,18222.56220214939
14709.956132561014,5087.213465237002,94762.42219146738,78192.42219146738,14648.840994725826,14648.840994725826
4061.078549391438,5624.780415228705,14863.889788724286,14863.889788724286,132385.66315685213,181221.66315685213
2124.973270062333,7010.72622609051,6456.784987883442,6456.784987883442,49820.05632251739,49820.05632251739
2305.756621669509,6071.575554481858,156608.49185868385,108614.49185868385,49442.04385176497,49442.04385176497
9272.027809545874,25699.3212082933,12080.35735903094,12080.35735903094,64588.19336817488,121437.19336817488
4665.515833416426,7494.344751894666,35414.651441147966,35414.651441147966,313652.3273808001,313652.3273808001
1129.9575783452103,6084.333042375085,96704.11500871468,85411.11500871468,42958.44086703562,61771.44086703562
3216.535735196794,1558.9195919576762,157322.47177206632,109324.47177206632,9097.59688768378,9097.59688768378
4459.53931963168,755.2393018354705,28541.278331999947,28541.278331999947,73702.70872952946,88169.70872952946
2724.4561128441624,6311.109460706427,18475.59716414444,18475.59716414444,5856.168035340058,5856.168035340058
1422.1310782849198,24029.156278122795,1265.3178429320642,1265.3178429320642,12969.284697665456,12969.284697665456
1926.4054408014115,4122.773886130772,13295.31966117894,13295.31966117894,1904.2449486305804,1904.2449486305804
2217.9267018486216,5188.38253425401,103847.59415357436,47021.59415357436,5181.391482236774,5181.391482236774
1435.2486481183646,6384.702939309495,93128.866735327,79904.866735327,7525.2813632443795,7525.2813632443795
3198.349278184888,4632.038329897677,70631.36799816374,56043.36799816374,76351.95878142896,127190.95878142896
3375.096047703811,1430.822427362495,193287.7821740899,147396.7821740899,6242.831252048783,6242.831252048783
3685.289305997997,1850.9186718532235,94583.9010377351,77939.9010377351,3788.319407885711,3788.319407885711
8547.696763504959,7728.468694298936,49975.13796238744,49975.13796238744,21546.466184644465,21546.466184644465
8541.760343800801,2704.037614689901,1811.191383963529,1811.191383963529,6058.540616853488,6058.540616853488
10796.390948524651,2028.720666288684,10097.05744226215,10097.05744226215,3469.671038827754,3469.671038827754
1404.2699340059366,4508.075865638262,241959.38815702635,241959.38815702635,57545.56774087387,75309.56774087387
1346.5124975534231,572.8897675138435,9709.376209412503,9709.376209412503,4368.073318734309,4368.073318734309
2087.3138985083515,3943.424170013167,16033.995553317734,16033.995553317734,4605.073365161156,4605.073365161156
1918.4699627965545,3809.882926920019,8504.39720298455,8504.39720298455,41253.36449389981,52003.36449389981
1923.2743471943,5876.868593304298,90639.79184054688,74670.79184054688,12798.465585766562,12798.465585766562
654.7907222020066,21542.619347515745,53430.66860971863,40348.66860971863,10032.400233169425,10032.400233169425
2286.0197734473454,808.6335719780835,8987.425871577938,8987.425871577938,516505.7233349214,516505.7233349214
6688.7086788800725,5703.76325672101,45612.02077616585,45612.02077616585,15309.577184107418,15309.577184107418
10472.041434990037,4835.760354047152,614473.8099160088,614473.8099160088,28440.51068838953,28440.51068838953
618.7964203780415,11786.276270136052,213840.8468612903,213840.8468612903,15291.72479645952,15291.72479645952
2303.767201405632,5476.244987905026,4730.411753350819,4730.411753350819,3448.362628769731,3448.362628769731
5005.136557257652,3501.880377452504,44495.03015324759,44495.03015324759,2238.547597807285,2238.547597807285
843.8527865761957,1714.8046749030923,5202.867631564049,5202.867631564049,11520.324315387104,11520.324315387104
1667.4479061050893,54333.94470601856,65422.15914484141,46057.15914484141,20101.768660557897,20101.768660557897
1762.782529144852,4577.9929329846855,1746.0955121709103,1746.0955121709103,9077.23747284152,9077.23747284152
1442.4187942878775,39025.84093945956,19424.390951819296,19424.390951819296,2531.9071434655384,2531.9071434655384
1848.8853626516395,9352.2755350653,1524.7315909798328,1524.7315909798328,4435.342100527872,4435.342100527872
6607.026717577879,371.2504347748501,10853.999253408983,10853.999253408983,21240.217048771345,21240.217048771345
13367.470522795207,2801.449878192349,10360.147246743843,10360.147246743843,4709.995703486189,4709.995703486189
1647.742035748578,3713.059510219584,13268.603096840636,13268.603096840636,46464.7931895966,104979.7931895966
947.8520653163984,2414.250192252825,2315.031378446092,2315.031378446092,9648.398205393,9648.398205393
1599.3158670127236,1754.8814067969115,37752.83317281296,37752.83317281296,9365.728576449965,9365.728576449965
780.6926218433867,2411.7984925375545,106032.82245996386,44859.82245996386,28771.409231056383,28771.409231056383
1300.116531697909,1395.204906422765,15239.187556222969,15239.187556222969,41199.93883581079,41199.93883581079
922.1389320580878,40926.198309986896,186698.0362920358,138348.0362920358,11463.154610663358,11463.154610663358
1345.9207096268976,8710.986661199397,97012.60514125349,83586.60514125349,77261.85963840537,97130.85963840537
961.1147430392148,4412.862644421575,5065.025391373273,5065.025391373273,3650.155075858877,3650.155075858877
1106.4666493447398,3335.107699897457,15512.01286708951,15512.01286708951,16653.91987008152,16653.91987008152
2879.078254795356,6963.858232520298,53275.74792296933,39588.74792296933,7715.148825291581,7715.148825291581
392.9303670800961,1010.875120135384,569.0492877732557,569.0492877732557,59085.747184297215,76894.74718429722
1734.4113348589672,3552.4322840245063,400535.6227948219,400535.6227948219,58903.30610464106,78454.30610464106
1614.7775212903173,2809.331117594935,5008.961486746177,5008.961486746177,3636.1186516141543,3636.1186516141543
5387.50314337495,2244.754579665469,6605.741328189563,6605.741328189563,46949.587308060436,104977.58730806044
2912.5021727556164,1171.8175596752624,2762.8534075384264,2762.8534075384264,11021.350546447537,11021.350546447537
2523.823574315664,7233.402264653912,221411.5941043584,221411.5941043584,11540.299531365476,11540.299531365476
6308.581463715194,11757.890004174673,3617.57041789944,3617.57041789944,5877.025066254481,5877.025066254481
711.4893167575693,16218.809143063148,81101.31189791672,69538.31189791672,7444.468419027377,7444.468419027377
5209.812833057266,4667.526599180539,7223.11823335894,7223.11823335894,10550.078136701972,10550.078136701972
1187.0275465114262,3223.3544280858005,99573.10660176702,82417.10660176702,45189.94516797751,45189.94516797751
1909.02950728513,4998.137359670588,9373.433959312446,9373.433959312446,3377.0144897753867,3377.0144897753867
757.7802800686325,5870.349770749769,67935.26245019375,53698.26245019375,10272.624683859827,10272.624683859827
708.9712245195713,12563.252376255095,8092.633126691991,8092.633126691991,39267.53084727794,52810.53084727794
31743.59349870428,5726.924029828935,127539.46506104896,62592.46506104896,2913.8891984589054,2913.8891984589054
4037.083847046158,1717.1413764991075,5890.335778970198,5890.335778970198,6073.335276165611,6073.335276165611
2211.353903746015,1354.3049518838236,70113.3207519105,58729.320751910505,6749.013103280574,6749.013103280574
2429.094883542799,11142.842878775342,229126.38579726196,229126.38579726196,1284.2991788738752,1284.2991788738752
1325.5017634323638,8516.17639938499,43965.91946126614,43965.91946126614,20230.313218058087,20230.313218058087
2824.440412886183,6896.001484299991,8871.119794790577,8871.119794790577,39086.243838859504,39086.243838859504
1715.8020500171149,3946.357181854001,35389.0719134228,35389.0719134228,48818.96314869594,104349.96314869594
1422.3972451380496,14303.258531129508,1238.2895175608548,1238.2895175608548,39621.99599610776,52412.99599610776
4615.281794050371,1275.1097298344553,9324.176058854437,9324.176058854437,6338.906568417133,6338.906568417133
1208.2342451033646,8317.414683065792,13572.344892791,13572.344892791,73262.0630552325,86245.0630552325
8768.226506155988,2935.6949493414845,53466.84953594808,42575.84953594808,50646.64878936892,109093.64878936892
2027.407721375306,5079.564678404899,55249.10038157526,44572.10038157526,81698.34268212505,92668.34268212505
631.3246951523001,4585.061147980576,23759.556749464413,23759.556749464413,16393.02683961483,16393.02683961483
1097.724137181397,4287.699548669097,23531.636436899244,23531.636436899244,4639.92233827391,4639.92233827391
743.319787458689,692.1886010473004,1135.3751624687286,1135.3751624687286,5674.391596840077,5674.391596840077
729.4340188555979,1284.336099382416,2445.7697761451195,2445.7697761451195,33942.15111723413,33942.15111723413
585.5646885203076,2267.064273009187,45543.27780654454,45543.27780654454,14052.992256102834,14052.992256102834
2076.956390594229,2869.7191348510687,231773.7488771804,231773.7488771804,23939.845366231613,23939.845366231613
4802.132870200252,1939.5902228045293,247007.00570828453,247007.00570828453,40262.49789203172,40262.49789203172
648.5377695506356,19735.90639411682,1775.0016334751251,1775.0016334751251,9383.161608859702,9383.161608859702
3894.51542574256,7601.274104853934,260120.42027390745,260120.42027390745,399598.3567693065,399598.3567693065
178.8323520305254,2457.243487593776,1403.9496391591797,1403.9496391591797,5433.789369884531,5433.789369884531
1585.491423995918,1283.2247261778612,7239.7553901111905,7239.7553901111905,10160.23860145155,10160.23860145155
51.33103181344553,8883.165912844557,3950.408919460636,3950.408919460636,20657.744406672868,20657.744406672868
7182.505015873822,1444.435703994766,1387.476926046886,1387.476926046886,6156.638469534252,6156.638469534252
8882.115890630474,4775.457359514958,22929.32126496993,22929.32126496993,9910.268091908549,9910.268091908549
1539.7892984314703,1353.7102090149913,10896.2461528048,10896.2461528048,2327.4658828097067,2327.4658828097067
2127.247510835963,3856.055343132896,24117.864873408034,24117.864873408034,2179.7019056045165,2179.7019056045165
186.25767576322136,5834.7706708660935,12024.53150429166,12024.53150429166,5457.099892061262,5457.099892061262
678.117463451875,833.5487782474106,9275.71142079109,9275.71142079109,23330.58846805717,23330.58846805717
3686.84148289594,685.7742016261916,334488.5056969279,334488.5056969279,3451.9106384889437,3451.9106384889437
11842.301165898609,915.6102527463978,1072.2097234094683,1072.2097234094683,6960.579753923124,6960.579753923124
439.39039023225473,2396.394803339797,7078.138479597402,7078.138479597402,9389.250119640486,9389.250119640486
954.2489734001268,2564.804270013029,7717.2611086638435,7717.2611086638435,67113.67827565286,127100.67827565286
1389.166247298709,2035.7288681686855,24553.28287149344,24553.28287149344,6248.720114419346,6248.720114419346
608.1760403095279,1567.757708695059,168155.69429681764,131088.69429681764,41132.78604549823,41132.78604549823
562.9091112026975,903.0628871909844,31692.634678673257,31692.634678673257,8889.076867777547,8889.076867777547
19783.820662124068,2986.768932679936,8078.711037586911,8078.711037586911,19179.215091846567,19179.215091846567
4274.528122026703,3015.2092826986363,10911.086251292703,10911.086251292703,75217.24938723042,122596.24938723042
598.7825618771508,3506.2654300453955,11167.98946505814,11167.98946505814,4013.4690173645754,4013.4690173645754
1909.3342891215864,2524.056801673024,4496.962623237164,4496.962623237164,11369.92872917016,11369.92872917016
1195.7560610246296,977.402364287606,138516.72109821023,108109.72109821023,8555.079575235675,8555.079575235675
11855.50245171329,1498.8797260557008,52759.72695066129,35908.72695066129,18912.44674169786,18912.44674169786
1048.0196674828394,587.2126841242948,9513.991918937036,9513.991918937036,24511.10298358137,24511.10298358137
866.149761607075,404.63360564260535,242801.3697825721,242801.3697825721,68656.65521697493,81119.65521697493
1620.0905728705563,573.1784191981623,4205.611681983493,4205.611681983493,1961.913121861034,1961.913121861034
605.0183589404833,626.6843744756094,4886.508855609393,4886.508855609393,2549.7635556337627,2549.7635556337627
333.455680773523,1942.0342213229987,11114.967355866242,11114.967355866242,9053.27686224091,9053.27686224091
1095.5753530831344,4571.607778563845,364026.0371210147,364026.0371210147,15300.863812048188,15300.863812048188
2238.53275453537,1545.0967038231483,45021.383518233255,45021.383518233255,11240.615070992037,11240.615070992037
3428.390124968821,2555.807503777098,2484.4297976757894,2484.4297976757894,45371.21760903778,45371.21760903778
3618.966318151716,1196.8784529794746,6999.290288048244,6999.290288048244,7495.805837013916,7495.805837013916
184.34532145780037,1280.3865193631,4975.169171617768,4975.169171617768,21428.153829511364,21428.153829511364
3035.874607566323,193309.31160060788,8412.431513927246,8412.431513927246,4117.684366618992,4117.684366618992
483.3266188017941,2571.599382679762,121844.5405137503,67442.5405137503,5162.925676572055,5162.925676572055
190.7054640769481,3650.388169314724,17957.840312222183,17957.840312222183,10972.781646272242,10972.781646272242
1116.0325811857228,1986.7407652314737,11455.202151360863,11455.202151360863,2671.186380707565,2671.186380707565
593.0570163826974,2580.979476202608,10597.39305949228,10597.39305949228,2805.1733916463654,2805.1733916463654
603.4298109226843,1831.392187145728,142451.71598972954,80819.71598972954,242440.32729396992,242440.32729396992
405.64174949747655,402.7655558890176,11597.238876227091,11597.238876227091,37168.69982968721,37168.69982968721
3191.269215202913,235.20744831314573,9409.015275186111,9409.015275186111,8739.288655630506,8739.288655630506
225.47241097768097,4326.100268618159,27119.833241428238,27119.833241428238,1990.0815759909449,1990.0815759909449
322.6636598928894,2165.166848686221,2023.160802093797,2023.160802093797,16622.56242462922,16622.56242462922
281.8187202301275,2905.7706820014987,28971.651428827256,28971.651428827256,7323.15184289256,7323.15184289256
1186.7669344901,3162.066707962853,4727.284783647021,4727.284783647021,7438.892597560109,7438.892597560109
634.2185783709334,10209.928761773232,20542.57636522656,20542.57636522656,12870.661133948368,12870.661133948368
1605.8073788171423,3885.943040448232,36426.56923350581,36426.56923350581,23552.67462409829,23552.67462409829
235.12933834436228,2580.673436200716,58014.71237211491,42918.71237211491,311751.34265026497,311751.34265026497
824.9249928195977,1729.2760188884654,165590.3865552691,119074.3865552691,5451.815601670882,5451.815601670882
1064.4178516165246,2136.1235762067454,56824.0022239534,44661.0022239534,4361.98355899205,4361.98355899205
2608.8989137421386,653.2934873748384,18421.42056896548,18421.42056896548,21546.41621351997,21546.41621351997
1750.21739327674,1870.5440074686624,6998.320037832578,6998.320037832578,19705.64565622637,19705.64565622637
3818.57812248394,2254.073935310762,44524.00228253213,44524.00228253213,47891.53404585783,47891.53404585783
1821.927777640248,801.7209586833754,6386.293506438098,6386.293506438098,26742.099305252574,26742.099305252574
2376.131003341068,5090.788064796068,4217.980518550684,4217.980518550684,26744.847981196486,26744.847981196486
1061.9352798759178,3544.416728643549,136401.0319788174,100016.0319788174,2982.111783135957,2982.111783135957
715.7633250201716,2578.4225108876976,6363.675826513114,6363.675826513114,2424.425022592172,2424.425022592172
76.49869785630843,6899.2243768847975,3520.4065785445123,3520.4065785445123,3525.1395761839926,3525.1395761839926
536.5284362165131,2298.7119737662933,10886.430754725025,10886.430754725025,5080.963811736812,5080.963811736812
98.22518592798352,396.331031419193,2683.267772695565,2683.267772695565,139381.73544059775,179685.73544059775
224.02631325190632,649.3369607924674,41145.54717309973,41145.54717309973,55864.08418444809,69793.08418444809
1660.4263172083868,3226.447188924623,5310.7806649653285,5310.7806649653285,2883.574843418435,2883.574843418435
2281.3997846169937,6575.108715762799,2410.916747314456,2410.916747314456,1940.091260983363,1940.091260983363
814.0765687509321,3495.9519390297214,20102.07985139081,20102.07985139081,4797.829153377069,4797.829153377069
291.52066376250247,4000.5346504317354,16790.610045378762,16790.610045378762,55205.75511277116,67022.75511277116
169.14223909913375,543.4320792214155,4679.756979190482,4679.756979190482,3238.2873363602985,3238.2873363602985
323.92099413841754,1200.350080995549,133796.47622507258,102049.47622507258,11753.84212521126,11753.84212521126
178.41776134888843,10406.43762973575,56259.47480675744,40788.47480675744,1144.665077528562,1144.665077528562
1247.6587612005974,1877.8024529803745,11400.19247586262,11400.19247586262,4788.864735806388,4788.864735806388
7715.702668775362,2454.3333899235254,20135.791900810367,20135.791900810367,12740.624774040936,12740.624774040936
577.5516708178116,1901.0655759420413,865.5823574660061,865.5823574660061,1556.391550326327,1556.391550326327
1599.0304499142192,3955.384126958437,35331.280295371354,35331.280295371354,4898.037479204708,4898.037479204708
2070.6849546669205,10207.843587574958,7427.344092331257,7427.344092331257,3768.8151818659735,3768.8151818659735
2788.3542822136515,1694.62261256209,10805.09776970663,10805.09776970663,7307.273935118723,7307.273935118723
368.00254733703554,6489.59080710404,135718.05924438138,81459.05924438138,12161.700439960634,12161.700439960634
186.1890734652494,1783.4917784326442,8069.780603741692,8069.780603741692,45442.854274854464,58843.854274854464
396.2465163832077,3617.901757967986,1182.0579698342797,1182.0579698342797,8545.69597794312,8545.69597794312
144.15664114508638,2874.429208647517,132038.32392699475,83801.32392699475,10013.528787191995,10013.528787191995
975.7371424322378,2080.0454006146024,1105.5316291711122,1105.5316291711122,31158.733799815403,31158.733799815403
247.91677436537228,11080.072922663936,117622.6060228156,67823.6060228156,4970.960973581638,4970.960973581638
639.4950288731924,5825.79409089906,51894.51828912277,37950.51828912277,38616.39268590395,38616.39268590395
324.4133224016528,1383.4921868105985,3859.921914788338,3859.921914788338,34071.75384165806,50631.75384165806
249.5393280184024,2069.203422486624,9495.639443499604,9495.639443499604,14230.01215946373,14230.01215946373
335.3897783159943,616.7117062654362,15037.432153143582,15037.432153143582,12267.478916650283,12267.478916650283
213.7800816011734,714.9371241000762,23714.602819216747,23714.602819216747,50759.482174830046,63107.482174830046
1061.9745468999408,1898.006182911208,6011.537357076055,6011.537357076055,6402.469255068195,6402.469255068195
2503.541282423833,1557.5461691078203,11353.212977157991,11353.212977157991,14980.374373098575,14980.374373098575
275.73382860383765,2645.826193488788,7621.716645070231,7621.716645070231,3311.6960186075617,3311.6960186075617
380.2430275096901,335.18711629958256,27279.320616573918,27279.320616573918,15989.567870956933,15989.567870956933
353.17583990887624,13295.062722213705,9571.329947576429,9571.329947576429,2450.8122648490234,2450.8122648490234
254.4603745575973,650.3750291928098,11235.85595961093,11235.85595961093,10857.016121212417,10857.016121212417
708.3016747341377,1245.424765425114,24533.906958230105,24533.906958230105,37466.14007423585,54830.14007423585
1105.6508145561393,438.77566678036703,1410.0154291784236,1410.0154291784236,6442.398951405374,6442.398951405374
563.1771649532919,4624.992980091552,122811.89182921656,76412.89182921656,3069.906407902588,3069.906407902588
479.32743940796985,1911.379770132116,29872.90776461531,29872.90776461531,100793.65108013584,131349.65108013584
4999.863438028923,1294.6531216405629,10243.418514370776,10243.418514370776,18668.795176995147,18668.795176995147
639.7588083668638,1261.4810802843588,2008.8918157540445,2008.8918157540445,31793.128836425647,31793.128836425647
7049.96994979865,7364.583211557822,29675.66988781176,29675.66988781176,66232.77043327258,77197.77043327258
1350.673702861267,1370.35602011998,4035.168114415873,4035.168114415873,2274.5206928846537,2274.5206928846537
477.747812373457,2072.873496989278,26009.46531785437,26009.46531785437,16316.752172245016,16316.752172245016
319.35340078666513,1951.607629473848,103182.74538996394,56075.74538996394,649585.4321717699,649585.4321717699
211.92331650003092,1985.6250347942607,4379.87620588075,4379.87620588075,14169.261906482176,14169.261906482176
660.7488727739526,1679.82052280127,22912.318575849167,22912.318575849167,5049.483230223304,5049.483230223304
419.1797400349208,2019.1306441704876,2917.711686255451,2917.711686255451,37605.42970777349,53422.42970777349
2299.303397298673,4437.788844293273,2408.257696043,2408.257696043,2814.229822193049,2814.229822193049
292.0698261318665,1648.5593075621885,27644.24215098982,27644.24215098982,1567.698361133578,1567.698361133578
2683.7530824310998,1207.211519678026,3166.894187541669,3166.894187541669,11125.272736124489,11125.272736124489
436.6516381203933,4191.085227714134,124704.8955749508,59902.8955749508,13759.914912745604,13759.914912745604
2237.931038740627,285.1711607928767,27333.73187857856,27333.73187857856,3427.550299527217,3427.550299527217
266.1412066679723,2989.831959851294,2876.786081538995,2876.786081538995,5524.084786675965,5524.084786675965
155.88484235135346,2040.4942847881025,6478.706445446322,6478.706445446322,6354.155021243159,6354.155021243159
434.0050983359102,482.6739890007474,7169.905891063325,7169.905891063325,3230.172016132617,3230.172016132617
115.38298418434412,1416.5982137649708,9839.084339815916,9839.084339815916,11097.79593259119,11097.79593259119
849.7300939802216,1320.1498352054414,6363.535966033012,6363.535966033012,6439.137705821962,6439.137705821962
1260.05422744763,915.8747460489196,6749.82282405346,6749.82282405346,4595.216742795988,4595.216742795988
832.1136361236444,3443.2549469498026,9838.933204299612,9838.933204299612,8411.308647390337,8411.308647390337
161.83903475414462,716.0719840537937,3533.721463010197,3533.721463010197,16835.00688577316,16835.00688577316
2228.095637766696,559.6005137352057,233015.07123753973,233015.07123753973,41330.588736634185,60346.588736634185
137.84152341927137,3593.990533199208,8008.956566880034,8008.956566880034,4767.240187457189,4767.240187457189
397.7355329625982,525.3426808836183,912.9888122434752,912.9888122434752,17192.65344030315,17192.65344030315
1541.2190779497569,1928.8931532000345,11780.539490659872,11780.539490659872,7288.753657935968,7288.753657935968
249.45002166861897,899.4788502106721,11986.162263103271,11986.162263103271,13456.163920776817,13456.163920776817
369.8232736149526,3374.191548316137,1126.6013121491226,1126.6013121491226,15655.20002169806,15655.20002169806
1039.4289667002968,265.8358254612054,955.4069513487104,955.4069513487104,9911.163339630522,9911.163339630522
377.1300537386575,4119.88564527667,164407.33518822712,126884.33518822712,5408.026520254054,5408.026520254054
723.8374585717428,2850.4486404017634,18289.595871660887,18289.595871660887,8441.805727680343,8441.805727680343
362.9739097913559,3449.031432777498,156058.11275542903,115248.11275542903,29014.235614426638,29014.235614426638
890.8892695805426,6452.783604536209,10252.19548681988,10252.19548681988,7287.043706975181,7287.043706975181
165.3236444624993,9190.084239722077,34361.63328931495,34361.63328931495,4940.869142805795,4940.869142805795
205.83299787488264,134.05033995405856,6229.736749816522,6229.736749816522,7507.078532307931,7507.078532307931
1227.4661972572517,2431.773864320046,6983.057209449048,6983.057209449048,16908.652219496875,16908.652219496875
708.9508627845163,2286.273619378112,160821.4803954493,114649.4803954493,294631.7506034619,294631.7506034619
1402.9572800788342,1070.1438771810992,119939.9445769862,61117.94457698621,12472.033794052735,12472.033794052735
222.1490399128745,839.8440129984784,4775.053129033126,4775.053129033126,42220.76598507888,42220.76598507888
313.8294549036691,14439.62131675454,104102.4936654155,57051.4936654155,6804.721663496237,6804.721663496237
222.30432917459015,4729.871916720403,9286.719613755617,9286.719613755617,35330.06329779363,35330.06329779363
234.3105200559796,17173.765648178294,1058.2128620728308,1058.2128620728308,21277.65183742815,21277.65183742815
3788.624209449498,372.5697702544076,4679.242553256638,4679.242553256638,6329.384306527587,6329.384306527587
177.1355897683649,1004.508316744774,51663.91352009465,39512.91352009465,11772.665463118325,11772.665463118325
136.14824841063296,1155.8266707181867,57495.514492391696,42591.514492391696,23314.965841762187,23314.965841762187
2157.293966967345,4513.6992140102,5064.162690618312,5064.162690618312,7608.137883157991,7608.137883157991
441.08244865552257,1290.009592955403,14683.013044397543,14683.013044397543,1301.0616214077047,1301.0616214077047
140.9536177658619,421.5474552569833,13922.96531834712,13922.96531834712,17063.941888092522,17063.941888092522
298.5834544445,3044.2607276562167,14165.78432568249,14165.78432568249,16756.09997065615,16756.09997065615
1863.8532198868895,858.7494013928093,14115.580610240671,14115.580610240671,3207.313336757088,3207.313336757088
921.5819315970468,865.0623315861798,58289.91126677346,42648.91126677346,55452.78708611634,74145.78708611634
570.7507035435438,2412.800858235002,10151.434885083918,10151.434885083918,9716.086826354513,9716.086826354513
457.3041008537478,2594.442172844074,2849.17017667956,2849.17017667956,31918.57488178487,31918.57488178487
3704.9721782529737,5367.8690319660645,5873.499345249699,5873.499345249699,24106.93899704203,24106.93899704203
74.07670317709926,3156.859930733013,138435.49599461138,100277.49599461138,1647.6487044475148,1647.6487044475148
587.1632600471679,1194.530533971126,9405.155171909668,9405.155171909668,8103.17509487249,8103.17509487249
583.7589982853688,1560.07509802143,11115.30558875836,11115.30558875836,2814.6855283781297,2814.6855283781297
558.2173616124498,4322.530446836515,3750.7505670513833,3750.7505670513833,1731.915874935362,1731.915874935362
2373.5222208640703,1130.5293767261358,4261.722094067622,4261.722094067622,42624.10896518707,54013.10896518707
243.8072668893767,851.905218382714,24978.21059551759,24978.21059551759,125698.99583847629,168511.9958384763
217.3580202740704,1756.810989238511,1038.6768174511574,1038.6768174511574,37345.77746280179,37345.77746280179
836.4441751162403,937.6611971240812,87513.43165090829,76597.43165090829,22714.96267924769,22714.96267924769
391.5048953211181,3948.294887888221,6167.211663193273,6167.211663193273,6467.846694122356,6467.846694122356
182.0680197262079,778.6494839105907,2411.328971185626,2411.328971185626,1962.4714177644928,1962.4714177644928
177.76946656711303,733.6802064073643,7715.384277328844,7715.384277328844,13644.298343841336,13644.298343841336
582.6950290490497,3593.2658245367106,16804.760743528688,16804.760743528688,29260.401548498223,29260.401548498223
227.2776388474216,583.8254716797185,2318.3902855528386,2318.3902855528386,23210.26100607465,23210.26100607465
139.33375296592703,1096.681676765379,21082.028149342532,21082.028149342532,82305.20531785142,98603.20531785142
567.0016440933078,4671.702561114499,6637.695498369517,6637.695498369517,3145.014230513798,3145.014230513798
1896.3938360049813,861.1019393601288,44327.15866196444,44327.15866196444,9470.788333535253,9470.788333535253
1698.7021574096536,1735.2199515398536,21105.141629888345,21105.141629888345,13039.483708738077,13039.483708738077
115.38420949076354,1959.1199912033464,14610.062340756229,14610.062340756229,15827.158839054871,15827.158839054871
184.0105300507304,3246.062923418521,78734.33932194309,65081.33932194309,74822.57873354916,94809.57873354916
172.18902036840208,242.56486082235708,1273.5521453965207,1273.5521453965207,2607.41303603701,2607.41303603701
197.80701827056404,4291.748409340143,3730.80308912008,3730.80308912008,4616.849262796492,4616.849262796492
2060.6419975281183,12609.142197915062,1343.6696118678117,1343.6696118678117,1496.0899092050083,1496.0899092050083
2021.74007650649,9091.047842083128,62664.11201382846,50636.11201382846,34512.84162794885,53925.84162794885
140.6300153317125,2344.733796998267,8617.65201944485,8617.65201944485,3007.520125997758,3007.520125997758
314.569110253913,2112.3690363939754,7362.55468106966,7362.55468106966,7679.580551834158,7679.580551834158
271.103703103746,1367.8864065417345,7437.321482383046,7437.321482383046,9755.763277048913,9755.763277048913
2760.185062377134,775.9915923885352,20554.10925114559,20554.10925114559,84327.75332724278,99459.75332724278
686.9083244186179,295.5031217168926,8832.373349734202,8832.373349734202,23702.555218378893,23702.555218378893
1280.0479234135971,1151.272466309906,8584.789055756355,8584.789055756355,5869.562418588162,5869.562418588162
271.723544996699,466.23542782615147,10260.515804875087,10260.515804875087,18259.3238826656,18259.3238826656
524.0075168522175,766.9221889607746,34491.926198463225,34491.926198463225,8985.695500500775,8985.695500500775
417.1914455388472,2086.8790407718334,43254.64959560627,43254.64959560627,5987.938480527716,5987.938480527716
152.37031854010954,8704.260574651255,35827.13072293893,35827.13072293893,10248.01516965565,10248.01516965565
778.8261127284045,4099.964353195941,699.4027274438935,699.4027274438935,28189.544827612863,28189.544827612863
233.99724001708776,4202.230217782556,73007.96749847264,62236.967498472644,70654.71689065959,83514.71689065959
460.8748754641748,1338.6287276950284,15579.47171022742,15579.47171022742,56276.56897466749,67712.56897466749
165.96253201482156,1462.5624954324012,44556.47074090604,44556.47074090604,14434.872929498846,14434.872929498846
174.5437677728473,6211.674398385111,796.7966327042952,796.7966327042952,13572.86142853869,13572.86142853869
154.80186209749857,1840.6827616097185,29147.54936979048,29147.54936979048,3724.9438386465113,3724.9438386465113
535.3767821552516,4477.567807004105,7274.615914165844,7274.615914165844,5871.794069945154,5871.794069945154
379.211355979309,2103.0293230496586,15389.37860951248,15389.37860951248,3336.5090997178563,3336.5090997178563
272.652819550812,3532.8048998169857,16560.503346107696,16560.503346107696,25305.440064216447,25305.440064216447
207.45887047989208,1045.3443500923252,4572.467385565905,4572.467385565905,14677.569044966132,14677.569044966132
109.1235641643214,2916.98637820961,3166.818238134791,3166.818238134791,118301.1693767228,157512.1693767228
186.21800375470224,445.53940569872384,38244.16452266461,38244.16452266461,3488.821076094249,3488.821076094249
336.9030385308941,770.2716080845115,1002.144934242052,1002.144934242052,3426.128370118888,3426.128370118888
113.20269196055877,316.7306256202212,6242.378276013237,6242.378276013237,27800.1240315692,27800.1240315692
216.57864564981125,3507.131326572786,22678.94039667425,22678.94039667425,113042.86269361709,161360.8626936171
200.95595603742183,1995.9979015555157,3531.8105136371264,3531.8105136371264,2606.690918985933,2606.690918985933
263.29055223265243,4440.267524515844,8660.50989637065,8660.50989637065,86006.97780515895,96180.97780515895
176.66510857909594,2634.535322182827,19026.96107489102,19026.96107489102,28122.227640212022,28122.227640212022
1270.4482480716456,784.3650379781292,541.3566924337111,541.3566924337111,3743.104660437606,3743.104660437606
63.70941144938234,840.7433098573721,45368.622140729625,45368.622140729625,18186.864984632488,18186.864984632488
700.9582537408677,13356.53173487601,5130.448228769536,5130.448228769536,2509.9447886297694,2509.9447886297694
52736.45855481144,1233.5275373315517,24249.90803090855,24249.90803090855,1295.3950887552162,1295.3950887552162
393.9617486786485,10806.828184396856,41144.89252863656,41144.89252863656,2488.736334226338,2488.736334226338
530.486420493323,1121.9914167425936,161917.38043624576,123494.38043624576,2717.1958254165143,2717.1958254165143
1532.9620550952004,1261.0368531019035,3708.010472065944,3708.010472065944,2181.0785730013463,2181.0785730013463
323.30394095117003,2260.0476605249164,47381.13187492653,47381.13187492653,2005.6572386839523,2005.6572386839523
107.51109098474944,2631.046424015808,1323.1493484599937,1323.1493484599937,2886.191220111132,2886.191220111132
161.43501443108,536.1213737161147,14565.293873009485,14565.293873009485,15913.123232261243,15913.123232261243
122.7566851716428,6989.402689584503,73048.9393591462,58990.9393591462,6237.143633087877,6237.143633087877
173.8094688214979,3485.1281720198954,5970.735710315335,5970.735710315335,52354.61275458675,65367.61275458675
200.18371132422087,649.9053629029085,37290.34455257328,37290.34455257328,2691.21996559446,2691.21996559446
150.7205385315155,2450.509518149058,9365.219043888488,9365.219043888488,20458.530479520305,20458.530479520305
173.08056555617114,866.8133899398118,6108.511923176101,6108.511923176101,22952.34892819783,22952.34892819783
330.4116754064145,1129.1195244823648,2973.812014358752,2973.812014358752,100872.00677200378,137004.00677200378
482.6111358366805,824.3712311466394,3158.397583908174,3158.397583908174,39722.39225189825,53462.39225189825
245.0428868873528,1426.8101634089733,2574.0445445790824,2574.0445445790824,20812.055143782007,20812.055143782007
718.0771268182533,1517.44893070209,16781.546119604784,16781.546119604784,2438.508715240195,2438.508715240195
766.1647150439038,1220.6538535030252,3050.5516704219453,3050.5516704219453,3056.75841615097,3056.75841615097
82.0059191347715,764.9656647518364,2088.882373511124,2088.882373511124,6450.96227087732,6450.96227087732
93.53329259641052,205.81706285184387,23792.15814343158,23792.15814343158,461278.0562340528,461278.0562340528
149.86763409530928,3152.703978679477,104471.5860526494,52835.58605264941,4230.5402505953625,4230.5402505953625
314.73711977900905,33568.67002884583,12856.375159640753,12856.375159640753,32085.85337618971,32085.85337618971
483.9867837900856,4785.622353005362,747.9840496667942,747.9840496667942,18557.57849903433,18557.57849903433
162.82486867100826,2262.0139880805277,22278.687997773894,22278.687997773894,87439.65056911946,148009.65056911946
751.0008511999205,35302.595261902425,1368.5520283823082,1368.5520283823082,107185.53225605364,140953.53225605364
719.3887584397622,525.1774780307461,13536.092581317273,13536.092581317273,4228.047501921958,4228.047501921958
228.69334812010624,1039.762051961343,9051.86393512202,9051.86393512202,38979.68004102986,58165.68004102986
751.2476479021018,1057.102441659052,4717.045530808985,4717.045530808985,13048.228112546643,13048.228112546643
796.5304485822198,602.7928388553511,3388.0876669163604,3388.0876669163604,1361.510671801973,1361.510671801973
57.138818287012334,4612.391415889221,6479.359876035859,6479.359876035859,14797.607287654946,14797.607287654946
124.8505462904098,1197.7798134799098,9827.09751092029,9827.09751092029,2654.355388202181,2654.355388202181
132.61895642134064,1073.9341802750223,25524.146863108534,25524.146863108534,41913.76027953946,52635.76027953946
178.81320631684687,3073.466714417014,26201.519230628885,26201.519230628885,58083.964315362886,74908.96431536289
173.60874664071693,956.2069807412298,5825.052090481064,5825.052090481064,12800.126958252851,12800.126958252851
2992.91949809971,5047.938060820291,94374.03440496016,75775.03440496016,17815.836926023916,17815.836926023916
651.555157771056,4182.11353918742,17188.310708644116,17188.310708644116,31629.642590039697,31629.642590039697
2922.12690536139,924.4299384340144,87847.79629740374,74524.79629740374,3526.045502214223,3526.045502214223
76.87035096507655,805.1444385056714,25445.29606770155,25445.29606770155,497528.028556051,497528.028556051
231.66287072244623,844.4581291997238,7004.498095719154,7004.498095719154,23240.976984924266,23240.976984924266
631.5351276031195,2940.0493563052128,11286.93234047083,11286.93234047083,11719.861970548136,11719.861970548136
177.8570026201071,2537.546351432581,28611.88870376059,28611.88870376059,21456.383917010557,21456.383917010557
115.4579549777705,1512.8572231473076,47678.41174040576,47678.41174040576,6110.323339185621,6110.323339185621
64.02143614753255,568.7654873036405,11262.035668862312,11262.035668862312,51589.673399864056,71323.67339986406
232.91787481113133,2091.18559693968,19915.922720821567,19915.922720821567,26003.266571832464,26003.266571832464
49.969965667867456,711.4973368420862,20398.743287704958,20398.743287704958,12425.1610292172,12425.1610292172
186.81420053585657,462.98358552849743,31186.10513675136,31186.10513675136,2060.039246934908,2060.039246934908
181.06975787211104,3286.753087903403,172249.85481442898,122587.85481442898,2978.2032717963853,2978.2032717963853
148.1113044631226,3273.1924716466287,31826.12652059767,31826.12652059767,18522.77359615665,18522.77359615665
493.8500527947054,593.4979480534817,37793.84882524748,37793.84882524748,3957.3928125025377,3957.3928125025377
181.3149404835256,1122.4663772599297,35006.6120359479,35006.6120359479,75091.66328717349,87813.66328717349
1164.0670039967524,2060.553066790764,45561.2469954964,45561.2469954964,4219.116633273567,4219.116633273567
132.83764104969146,592.2267389150569,25103.72242399425,25103.72242399425,58194.89104635699,72036.89104635699
83.14754482579298,938.3868900472232,9348.715381959208,9348.715381959208,7529.403478027176,7529.403478027176
384.87833461622296,2567.0020838531086,22398.23565749621,22398.23565749621,32834.47434600032,32834.47434600032
92.67184191747758,964.5855982191068,3102.881810682875,3102.881810682875,11040.325200438589,11040.325200438589
1115.8424881562048,761.3076436982301,8294.87642534357,8294.87642534357,10196.918899930442,10196.918899930442
64.58302174000427,6644.975716823175,4260.670716162922,4260.670716162922,39469.29066413844,39469.29066413844
146.1451974908259,1565.405260213886,30367.73578493721,30367.73578493721,17373.911237742803,17373.911237742803
512.7530875409991,2398.534042999724,5047.747786120664,5047.747786120664,39889.95323168623,39889.95323168623
218.33863683192172,835.1354842034774,21710.315753835304,21710.315753835304,2972.212638474594,2972.212638474594
180.32814818083983,481.7866092402874,18741.999448467588,18741.999448467588,2433.152734028025,2433.152734028025
1252.921826518267,666.7483377427452,2952.845761882664,2952.845761882664,26271.3760268992,26271.3760268992
813.6610685145104,2748.594510612506,19435.07449277684,19435.07449277684,38888.35602299847,58858.35602299847
141.3667854061412,1248.3931209106534,3107.08030207047,3107.08030207047,538683.2711172506,538683.2711172506
85.87394462453673,2761.8170721012843,25790.928421058023,25790.928421058023,43439.99146862842,103073.99146862842
135.37100510047196,2456.650393650008,21680.83867654452,21680.83867654452,20929.91840862652,20929.91840862652
228.19072409237305,2092.763936055205,6387.079022438301,6387.079022438301,6048.405457167163,6048.405457167163
45.4017194266907,1066.5931040325888,30106.506821185496,30106.506821185496,53587.49707531111,72257.49707531111
89.88784755918904,775.4300100820823,31508.44463307263,31508.44463307263,6496.062414243121,6496.062414243121
1558.7512194532578,4314.4095701182505,104981.9029658578,36185.90296585779,55473.720560014204,103017.7205600142
358.0012658703702,1254.7526713406562,1890.1040214874297,1890.1040214874297,12014.519491229074,12014.519491229074
117.06624500119248,664.0497961342638,13180.293194703394,13180.293194703394,5357.1128680551465,5357.1128680551465
1832.6061544657584,353.81414862629424,22769.39262720958,22769.39262720958,3645.9854626616666,3645.9854626616666
455.6896107268152,875.5294546030323,56261.27938134316,44588.27938134316,24189.776540192543,24189.776540192543
78.90465485016512,921.1220455945684,4243.439479896815,4243.439479896815,2527.199123853209,2527.199123853209
320.050865712991,710.1319212928311,2405.1211572952725,2405.1211572952725,37402.72945135783,37402.72945135783
1312.8787924064611,5195.218051672517,25294.36951040276,25294.36951040276,43233.93411221659,54028.93411221659
495.0291709969711,1070.7322191451694,15068.718757558629,15068.718757558629,5482.423102314642,5482.423102314642
417.65170083477074,3621.3213097149337,123653.64874555984,74764.64874555984,13761.60357472609,13761.60357472609
90.1429167841378,892.3082788809967,2611.5408911020804,2611.5408911020804,9581.315622446537,9581.315622446537
85.23070023401013,847.0617558990315,14185.26916564531,14185.26916564531,15530.81343567342,15530.81343567342
1172.8327040865397,1951.7738827125063,22357.02039763817,22357.02039763817,46650.11328552404,66033.11328552404
249.9681555948544,435.828927273595,2027.595616091326,2027.595616091326,3374.812235119706,3374.812235119706
131.74013120265056,422.4056421509583,5940.514910425846,5940.514910425846,13119.56838813288,13119.56838813288
217.8927570852393,18955.684978265283,5468.1749695837325,5468.1749695837325,55302.8015645938,107796.8015645938
96.80293784211496,467.2145383463689,1957.8236589135445,1957.8236589135445,34747.56451478385,50772.56451478385
13084.140864565348,1723.8249305914271,2778.586249394654,2778.586249394654,235230.18759003325,235230.18759003325
242.85071141486057,506.543019685752,20731.000395817005,20731.000395817005,5128.7691985632455,5128.7691985632455
841.6085485280906,2206.24118676358,94995.79688545028,77096.79688545028,6035.209012360269,6035.209012360269
191.96956346591165,4146.954373391452,5586.977410692297,5586.977410692297,1704.3004549346656,1704.3004549346656
354.4125292764156,1052.7866256933837,3336.345074247596,3336.345074247596,2246.705123899839,2246.705123899839
67.36857802087209,1509.123409407712,14918.666675290697,14918.666675290697,6838.6702512760485,6838.6702512760485
134.50385920531815,552.5230952627103,984.0851887752352,984.0851887752352,1305.8623839435677,1305.8623839435677
366.5831146327678,1135.6527152869633,14250.624577907813,14250.624577907813,28825.63571552197,28825.63571552197
86.08217335606027,2640.600324288372,9443.34937380829,9443.34937380829,1831.365169942188,1831.365169942188
392.3657082253642,476.9639619651617,9855.441049881078,9855.441049881078,19371.944028185237,19371.944028185237
521.976211966304,2017.3130782046533,39438.34770393433,39438.34770393433,44277.0385040395,58716.0385040395
354.9680401911444,314.520960085961,3609.487037199949,3609.487037199949,18062.442023816617,18062.442023816617
301.9940815747965,1864.6464270920155,24049.79359106569,24049.79359106569,12243.595676475365,12243.595676475365
48.30235184168322,3337.0661935966464,4831.655333906927,4831.655333906927,4151.655132332423,4151.655132332423
170.5497286604262,681.6327963830532,4729.75932326272,4729.75932326272,2285.958589414906,2285.958589414906
182.5512729221724,4517.825473647199,23657.988859876292,23657.988859876292,6541.647634425421,6541.647634425421
529.1701038811397,462.6974562774719,9217.892526073698,9217.892526073698,6348.164015521472,6348.164015521472
130.46200631677678,1904.395785086748,18456.60922968769,18456.60922968769,21088.581248208084,21088.581248208084
227.45687859759585,18635.35472651842,15222.491093265484,15222.491093265484,26495.97923453812,26495.97923453812
477.6969063702267,2321.264463111498,13844.3613329669,13844.3613329669,4786.835651734013,4786.835651734013
145.3148204815185,1182.2432961313075,35943.02684440057,35943.02684440057,5376.3320934874855,5376.3320934874855
117.08840414417176,723.738381438196,7454.569287860628,7454.569287860628,28885.464165818445,28885.464165818445
183.39548381212524,783.7926548820906,224642.77317052704,224642.77317052704,33825.86158967799,33825.86158967799
384.683977744724,410.7368511128472,9414.86446061298,9414.86446061298,3454.8634912790694,3454.8634912790694
207.90020942434865,15224.174019949716,10453.787665033651,10453.787665033651,13362.72278208863,13362.72278208863
806.4760117802265,5491.604668252263,3957.774757511778,3957.774757511778,4943.586039589477,4943.586039589477
112.68557401447045,1713.0646432566205,18142.57861880405,18142.57861880405,4999.986920992402,4999.986920992402
512.1262170793042,2621.70137055318,14467.70846436549,14467.70846436549,3523.1614800638404,3523.1614800638404
474.29331267908697,684.5905807481191,7002.06695269936,7002.06695269936,8944.875196996267,8944.875196996267
189.607530108648,1281.6577301046927,1449.637278260716,1449.637278260716,5255.876371050726,5255.876371050726
706.2871719298555,476.9775634907478,1890.833929016022,1890.833929016022,22981.802707258197,22981.802707258197
425.21090186437584,507.0990929325905,3412.160820728436,3412.160820728436,34744.37903371875,34744.37903371875
330.0382936537089,1062.8508430008146,44012.90008986913,44012.90008986913,2904.222877264528,2904.222877264528
64.33039537169779,991.9455450077904,12181.818220872285,12181.818220872285,208186.3769373419,208186.3769373419
109.06242875162992,259.8675789692542,5882.365366846176,5882.365366846176,13934.294492648669,13934.294492648669
79.22617989513635,1124.0196459741658,3831.328329166525,3831.328329166525,156284.31202459545,194187.31202459545
178.46702242544427,1771.576292668689,19992.045006360844,19992.045006360844,8642.905119004126,8642.905119004126
107.3030999009022,786.3253426313219,18877.73758422384,18877.73758422384,11459.1957991955,11459.1957991955
439.6239384136406,759.1697011989826,16956.71480859367,16956.71480859367,1378.24396958634,1378.24396958634
176.7382028230389,580.200414118907,23397.179427270345,23397.179427270345,2645.6231212843936,2645.6231212843936
590.0173281963781,960.3076358389712,3746.626694436444,3746.626694436444,22740.18112679433,22740.18112679433
902.9739172295084,1088.534226703254,11147.660769456816,11147.660769456816,2798.3726898535147,2798.3726898535147
146.24701636897584,542.8904287746476,3046.701585049787,3046.701585049787,33758.03377945994,33758.03377945994
364.2329544453264,1659.128020564113,6572.032519864117,6572.032519864117,5835.203789628461,5835.203789628461
963.5718527982252,3367.1985544683234,5714.461732428481,5714.461732428481,12597.434719775303,12597.434719775303
59.2112121530025,551.6560590202937,7580.652155742789,7580.652155742789,5755.488609815388,5755.488609815388
78.77733486680727,1909.9012421211055,9501.224766178791,9501.224766178791,4866.063672546013,4866.063672546013
465.7781154832933,7918.58593132169,1578.198837049852,1578.198837049852,13392.39768199423,13392.39768199423
148.1301423094155,980.2579854587386,18979.032959639117,18979.032959639117,5473.87669940889,5473.87669940889
64.96404548220266,3110.5761043975403,4429.139850227108,4429.139850227108,51213.74856570174,69972.74856570174
197.01835815837967,1661.270562548974,1645.2671308871866,1645.2671308871866,73241.38467837077,83511.38467837077
450.6775785990286,699.948863710085,5080.415067233161,5080.415067233161,6575.717337764076,6575.717337764076
99.26135078840365,556.0889607842666,15578.296551527295,15578.296551527295,44969.417860011745,106225.41786001174
88.4649471829452,2013.673940595496,11868.652836391591,11868.652836391591,25666.12947697317,25666.12947697317
29.020572307649736,577.5447928695496,8156.928990310551,8156.928990310551,1938.1044939572064,1938.1044939572064
149.62561484120022,1804.7419135588584,12710.632178659038,12710.632178659038,21198.368441480518,21198.368441480518
401.5978702591542,1126.738520119792,37372.38965462902,37372.38965462902,28776.04423928395,28776.04423928395
355.44566088666005,792.0889925330611,39779.80995607464,39779.80995607464,1599.333246555756,1599.333246555756
505.02183982657175,247.85347580027255,138749.94028716983,83124.94028716983,34518.955494363334,34518.955494363334
403.6457254647965,1285.6773432457503,19893.419059181888,19893.419059181888,1658.641349541212,1658.641349541212
331.92390717965066,2444.06120949175,22760.49274264645,22760.49274264645,2289.690713293912,2289.690713293912
222.66368946671588,448.256316328363,1448.548240231676,1448.548240231676,6341.667051765503,6341.667051765503
273.71616035334523,1336.4959305033246,146461.11288308387,83319.11288308387,8404.797434422851,8404.797434422851
211.1667056712293,622.7220712834745,11834.786574241756,11834.786574241756,22643.54559192924,22643.54559192924
1207.2873062345636,11588.38628226795,36792.96784633431,36792.96784633431,26730.51733666589,26730.51733666589
117.37566329938188,689.7117152054162,61484.31308909856,41984.31308909856,17144.684474273297,17144.684474273297
1278.2339179161204,2982.475920868674,94431.80570323898,80024.80570323898,1998.406370190128,1998.406370190128
51.53289629715145,1014.0799639587972,10865.970143825412,10865.970143825412,5911.994411095641,5911.994411095641
56.89171946423566,1000.2208952284392,5704.155832237838,5704.155832237838,54307.24694875254,104997.24694875254
185.79960653923257,6029.425302596267,19372.285270635228,19372.285270635228,3923.893219204665,3923.893219204665
241.23534955489944,2569.5323415597127,767.7454778541374,767.7454778541374,3551.698696454967,3551.698696454967
244.92033707713085,1523.2212600415526,108593.90913099366,53958.90913099366,835.4253851177274,835.4253851177274
439.64343746021433,645.5303493420455,8929.571425872386,8929.571425872386,4916.922753171756,4916.922753171756
427.2355707874612,3892.7904674671104,2693.431875042812,2693.431875042812,44432.38007618142,55673.38007618142
35.2582215728995,387.8341105264337,30722.04788446362,30722.04788446362,5539.409399718935,5539.409399718935
107.018838744616,1233.5527614041146,12406.552914393738,12406.552914393738,56973.644460974,74169.644460974
109.4347571992904,1123.0498258816035,20598.22907132862,20598.22907132862,4309.544275847689,4309.544275847689
331.9203267359681,901.2301364217288,4180.288864891613,4180.288864891613,9091.823515250386,9091.823515250386
225.27647333807596,750.5820685394835,27349.53086872601,27349.53086872601,4978.071724864818,4978.071724864818
169.28819474773155,2883.860790727684,1733.5399185087526,1733.5399185087526,11918.555097248927,11918.555097248927
305.7464841536138,810.6833559788755,7648.930398984527,7648.930398984527,56944.30554215111,76579.30554215111
81.64758551428076,635.0119364276699,19493.88874896378,19493.88874896378,15268.277211278228,15268.277211278228
213.7127348786326,563.7830503576732,36494.75455748972,36494.75455748972,3700.722964985948,3700.722964985948
311.09809889950566,5810.898755400991,11805.966676950373,11805.966676950373,12930.83184693084,12930.83184693084
156.1699261780417,328.63418199673686,30244.073692969563,30244.073692969563,2272.6626370504646,2272.6626370504646
441.8151370000794,2943.780411735555,45730.00305872057,45730.00305872057,2881.383390654381,2881.383390654381
207.70923446281796,530.5591148158901,25213.15382130093,25213.15382130093,15837.69281273747,15837.69281273747
223.7916421633977,1284.5740106357437,46892.86556096788,46892.86556096788,3480.7073390525293,3480.7073390525293
61.38694006893628,899.2362944136365,87525.61542504354,73271.61542504354,2776.375435145685,2776.375435145685
